DMA (as appears in various data files),"""Master"" DMA",Test
Abilene/Sweetwater,Abilene-Sweetwater,1
Abilene-Sweetwater,Abilene-Sweetwater,2
ABILENE-SWEETWATER,Abilene-Sweetwater,3
Abilene-Sweetwater TX,Abilene-Sweetwater,
Albany GA,Albany GA,
ALBANY GA,Albany GA,
Albany GA,Albany GA,
Albany/Schenectady/Troy,Albany-Schenectady-Troy,
Albany-Ga,Albany GA,
Albany-Schenectady-Troy,Albany-Schenectady-Troy,
ALBANY-SCHENECTADY-TROY,Albany-Schenectady-Troy,
Albany-Schenectady-Troy NY,Albany-Schenectady-Troy,
Albuquerque NM,Albuquerque NM,
Albuquerque/Santa Fe,Albuquerque NM,
ALBUQUERQUE-SANTA FE,Albuquerque NM,
Albuquerque-Santa Fe NM,Albuquerque NM,
Alexandria LA,Alexandria LA,
ALEXANDRIA LA,Alexandria LA,
Alexandria LA,Alexandria LA,
Alexandria-La,Alexandria LA,
Alpena,Alpena,
ALPENA,Alpena,
Alpena MI,Alpena,
Amarillo,Amarillo,
AMARILLO,Amarillo,
Amarillo TX,Amarillo,
Anchorage,Anchorage,
ANCHORAGE,Anchorage,
Anchorage AK,Anchorage,
Atlanta,Atlanta,
ATLANTA,Atlanta,
Atlanta GA,Atlanta,
Augusta,Augusta-Aiken,
Augusta GA,Augusta-Aiken,
Augusta-Aiken,Augusta-Aiken,
AUGUSTA-AIKEN,Augusta-Aiken,
Austin,Austin,
AUSTIN,Austin,
Austin TX,Austin,
Austin-Tx,Austin,
Bakersfield,Bakersfield,
BAKERSFIELD,Bakersfield,
Bakersfield CA,Bakersfield,
BALTIMORE,Baltimore MD,
Baltimore MD,Baltimore MD,
Baltimore MD,Baltimore MD,
Bangor,Bangor,
BANGOR,Bangor,
Bangor ME,Bangor,
Baton Rouge,Baton Rouge,
BATON ROUGE,Baton Rouge,
Baton Rouge LA,Baton Rouge,
Beaumont/Port Arthur,Beaumont-Port Arthur,
Beaumont-Port Arthur,Beaumont-Port Arthur,
BEAUMONT-PORT ARTHUR,Beaumont-Port Arthur,
Beaumont-Port Arthur TX,Beaumont-Port Arthur,
Bend OR,Bend OR,
BEND OR,Bend OR,
Bend OR,Bend OR,
Bend-Or,Bend OR,
Billings,Billings,
BILLINGS,Billings,
Billings MT,Billings,
Biloxi/Gulfport,Biloxi-Gulfport,
Biloxi-Gulfport,Biloxi-Gulfport,
BILOXI-GULFPORT,Biloxi-Gulfport,
Biloxi-Gulfport MS,Biloxi-Gulfport,
Binghamton,Binghamton,
BINGHAMTON,Binghamton,
Binghamton NY,Binghamton,
Birmingham,Birmingham AL,
BIRMINGHAM (ANN TUSC),Birmingham AL,
Birmingham AL,Birmingham AL,
Birmingham AL,Birmingham AL,
Bluefield/Beckley/Oak Hill,Bluefield-Beckley-Oak Hill,
Bluefield-Beckley-Oak Hill,Bluefield-Beckley-Oak Hill,
BLUEFIELD-BECKLEY-OAK HILL,Bluefield-Beckley-Oak Hill,
Bluefield-Beckley-Oak Hill WV,Bluefield-Beckley-Oak Hill,
Boise,Boise,
BOISE,Boise,
Boise ID,Boise,
Boston,Boston (Manchester),
Boston (Manchester),Boston (Manchester),
BOSTON (MANCHESTER),Boston (Manchester),
Boston MA-Manchester NH,Boston (Manchester),
Bowling Green,Bowling Green,
BOWLING GREEN,Bowling Green,
Bowling Green KY,Bowling Green,
Buffalo,Buffalo,
BUFFALO,Buffalo,
Buffalo NY,Buffalo,
Burlington VT-Plattsburgh NY,Burlington-Plattsburgh,
Burlington/Plattsburgh,Burlington-Plattsburgh,
Burlington-Plattsburgh,Burlington-Plattsburgh,
BURLINGTON-PLATTSBURGH,Burlington-Plattsburgh,
Butte/Bozeman,Butte-Bozeman,
Butte-Bozeman,Butte-Bozeman,
BUTTE-BOZEMAN,Butte-Bozeman,
Butte-Bozeman MT,Butte-Bozeman,
Casper/Riverton,Casper-Riverton,
Casper-Riverton,Casper-Riverton,
CASPER-RIVERTON,Casper-Riverton,
Casper-Riverton WY,Casper-Riverton,
Cedar Rapids/Waterloo/Dubuque,Cedar Rapids-Wtrlo-IWC&Dub,
Cedar Rapids-Waterloo-Iowa City IA,Cedar Rapids-Wtrlo-IWC&Dub,
Cedar Rapids-Wtrlo-IWC&Dub,Cedar Rapids-Wtrlo-IWC&Dub,
CEDAR RAPIDS-WTRLO-IWC&DUB,Cedar Rapids-Wtrlo-IWC&Dub,
Champaign And Springfield-DecaturIL,Champaign IL,
Champaign IL,Champaign IL,
CHAMPAIGN&SPRNGFLD-DECATUR,Champaign IL,
Champaign/Springfield/Decatur,Champaign IL,
Charleston SC,Charleston SC,
CHARLESTON SC,Charleston SC,
Charleston SC,Charleston SC,
Charleston/Huntington,Charleston-Huntington,
Charleston-Huntington,Charleston-Huntington,
CHARLESTON-HUNTINGTON,Charleston-Huntington,
Charleston-Huntington WV,Charleston-Huntington,
Charleston-Sc,Charleston SC,
Charlotte,Charlotte,
CHARLOTTE,Charlotte,
Charlotte NC,Charlotte,
Charlottesville,Charlottesville,
CHARLOTTESVILLE,Charlottesville,
Charlottesville VA,Charlottesville,
Chattanooga,Chattanooga,
CHATTANOOGA,Chattanooga,
Chattanooga TN,Chattanooga,
Cheyenne WY-Scottsbluff NE,Cheyenne-Scottsbluff,
Cheyenne/Scottsbluff,Cheyenne-Scottsbluff,
Cheyenne-Scottsbluff,Cheyenne-Scottsbluff,
CHEYENNE-SCOTTSBLUFF,Cheyenne-Scottsbluff,
Chicago,Chicago,
CHICAGO,Chicago,
Chicago IL,Chicago,
Chico/Redding,Chico-Redding,
Chico-Redding,Chico-Redding,
CHICO-REDDING,Chico-Redding,
Chico-Redding CA,Chico-Redding,
Cincinnati,Cincinnati,
CINCINNATI,Cincinnati,
Cincinnati OH,Cincinnati,
Clarksburg/Weston,Clarksburg-Weston,
Clarksburg-Weston,Clarksburg-Weston,
CLARKSBURG-WESTON,Clarksburg-Weston,
Clarksburg-Weston WV,Clarksburg-Weston,
Cleveland,Cleveland-Akron (Canton),
Cleveland-Akron (Canton),Cleveland-Akron (Canton),
CLEVELAND-AKRON (CANTON),Cleveland-Akron (Canton),
Cleveland-Akron (Canton) OH,Cleveland-Akron (Canton),
Colorado Springs/Pueblo,Colorado Springs-Pueblo,
Colorado Springs-Pueblo,Colorado Springs-Pueblo,
COLORADO SPRINGS-PUEBLO,Colorado Springs-Pueblo,
Colorado Springs-Pueblo CO,Colorado Springs-Pueblo,
Columbia SC,Columbia SC,
COLUMBIA SC,Columbia SC,
Columbia SC,Columbia SC,
Columbia/Jefferson City,Columbia-Jefferson City,
Columbia-Jefferson City,Columbia-Jefferson City,
COLUMBIA-JEFFERSON CITY,Columbia-Jefferson City,
Columbia-Jefferson City MO,Columbia-Jefferson City,
Columbia-Sc,Columbia SC,
Columbus GA,Columbus GA (Opelika AL),
Columbus GA (Opelika AL),Columbus GA (Opelika AL),
COLUMBUS GA (OPELIKA AL),Columbus GA (Opelika AL),
Columbus OH,Columbus OH,
COLUMBUS OH,Columbus OH,
Columbus OH,Columbus OH,
Columbus/Tupelo/West Point,Columbus-Tupelo-W Pnt-Hstn,
Columbus-Ga,Columbus GA (Opelika AL),
Columbus-Oh,Columbus OH,
Columbus-Tupelo-W Pnt-Hstn,Columbus-Tupelo-W Pnt-Hstn,
COLUMBUS-TUPELO-W PNT-HSTN,Columbus-Tupelo-W Pnt-Hstn,
Columbus-Tupelo-West Point MS,Columbus-Tupelo-W Pnt-Hstn,
Corpus Christi,Corpus Christi,
CORPUS CHRISTI,Corpus Christi,
Corpus Christi TX,Corpus Christi,
Dallas/Fort Worth,Dallas-Ft. Worth,
Dallas-Ft. Worth,Dallas-Ft. Worth,
DALLAS-FT. WORTH,Dallas-Ft. Worth,
Dallas-Ft. Worth TX,Dallas-Ft. Worth,
Davenport/Rock Island/Moline,Davenport-R.Island-Moline,
DavenportIA-Rock Island-MolineIL,Davenport-R.Island-Moline,
Davenport-R.Island-Moline,Davenport-R.Island-Moline,
DAVENPORT-R.ISLAND-MOLINE,Davenport-R.Island-Moline,
DAYTON,Dayton OH,
Dayton OH,Dayton OH,
Dayton OH,Dayton OH,
Denver,Denver,
DENVER CO,Denver,
Denver CO,Denver,
Des Moines/Ames,Des Moines-Ames,
Des Moines-Ames,Des Moines-Ames,
DES MOINES-AMES,Des Moines-Ames,
Des Moines-Ames IA,Des Moines-Ames,
Detroit,Detroit,
DETROIT,Detroit,
Detroit MI,Detroit,
Dothan,Dothan,
DOTHAN,Dothan,
Dothan AL,Dothan,
Duluth MN-Superior WI,Duluth-Superior,
Duluth/Superior,Duluth-Superior,
Duluth-Superior,Duluth-Superior,
DULUTH-SUPERIOR,Duluth-Superior,
El Paso,El Paso (Las Cruces),
El Paso (Las Cruces),El Paso (Las Cruces),
EL PASO (LAS CRUCES),El Paso (Las Cruces),
El Paso TX,El Paso (Las Cruces),
Elmira,Elmira (Corning),
Elmira (Corning),Elmira (Corning),
ELMIRA (CORNING),Elmira (Corning),
Elmira NY,Elmira (Corning),
Erie,Erie,
ERIE,Erie,
Erie PA,Erie,
Eugene,Eugene,
EUGENE,Eugene,
Eugene OR,Eugene,
Eureka,Eureka,
EUREKA,Eureka,
Eureka CA,Eureka,
Evansville,Evansville,
EVANSVILLE,Evansville,
Evansville IN,Evansville,
Fairbanks,Fairbanks,
FAIRBANKS,Fairbanks,
Fairbanks AK,Fairbanks,
Fargo/Valley City,Fargo-Valley City,
Fargo-Valley City,Fargo-Valley City,
FARGO-VALLEY CITY,Fargo-Valley City,
Fargo-Valley City ND,Fargo-Valley City,
Flint MI,Flint MI,
Flint/Saginaw/Bay City,Flint MI,
FLINT-SAGINAW-BAY CITY,Flint MI,
Flint-Saginaw-Bay City MI,Flint MI,
Florence/Myrtle Beach,Myrtle Beach-Florence,
Florence-Myrtle Beach SC,Myrtle Beach-Florence,
Fort Myers/Naples,Ft. Myers-Naples,
Fort Smith/Fayetteville/Springdale/Rogers,Ft. Smith-Fay-Sprngdl-Rgrs,
Fort Wayne,Ft. Wayne,
Fresno/Visalia,Fresno-Visalia,
Fresno-Visalia,Fresno-Visalia,
FRESNO-VISALIA,Fresno-Visalia,
Fresno-Visalia CA,Fresno-Visalia,
Ft Smith-Springdale AR,Ft. Smith-Fay-Sprngdl-Rgrs,
Ft. Myers-Naples,Ft. Myers-Naples,
FT. MYERS-NAPLES,Ft. Myers-Naples,
Ft. Myers-Naples FL,Ft. Myers-Naples,
Ft. Smith-Fay-Sprngdl-Rgrs,Ft. Smith-Fay-Sprngdl-Rgrs,
FT. SMITH-FAY-SPRNGDL-RGRS,Ft. Smith-Fay-Sprngdl-Rgrs,
Ft. Wayne,Ft. Wayne,
FT. WAYNE,Ft. Wayne,
Ft. Wayne IN,Ft. Wayne,
Gainesville,Gainesville,
GAINESVILLE,Gainesville,
Gainesville FL,Gainesville,
Glendive,Glendive,
GLENDIVE,Glendive,
Glendive MT,Glendive,
Grand Junction/Montrose,Grand Junction-Montrose,
Grand Junction-Montrose,Grand Junction-Montrose,
GRAND JUNCTION-MONTROSE,Grand Junction-Montrose,
Grand Junction-Montrose CO,Grand Junction-Montrose,
Grand Rapids MI,Grand Rapids MI,
Grand Rapids/Kalamazoo/Battle Creek,Grand Rapids MI,
Grand Rapids-Kalamazoo MI,Grand Rapids MI,
GRAND RAPIDS-KALMZOO-B.CRK,Grand Rapids MI,
Great Falls,Great Falls,
GREAT FALLS,Great Falls,
Great Falls MT,Great Falls,
Green Bay/Appleton,Green Bay-Appleton,
Green Bay-Appleton,Green Bay-Appleton,
GREEN BAY-APPLETON,Green Bay-Appleton,
Green Bay-Appleton WI,Green Bay-Appleton,
Greensboro/High Point/Winston-Salem,Greensboro-H.Point-W.Salem,
Greensboro-H.Point-W.Salem,Greensboro-H.Point-W.Salem,
GREENSBORO-H.POINT-W.SALEM,Greensboro-H.Point-W.Salem,
Greensboro-Winston Salem NC,Greensboro-H.Point-W.Salem,
Greenville NC,Greenville NC,
Greenville/New Bern/Washington,Greenville NC,
Greenville/Spartanburg/Asheville/Anderson,Greenvll-Spart-Ashevll-And,
GREENVILLE-N.BERN-WASHNGTN,Greenville NC,
Greenville-New Bern-Washington NC,Greenville NC,
Greenville-Spartanburg SC,Greenvll-Spart-Ashevll-And,
Greenvll-Spart-Ashevll-And,Greenvll-Spart-Ashevll-And,
GREENVLL-SPART-ASHEVLL-AND,Greenvll-Spart-Ashevll-And,
Greenwood/Greenville,Greenwood-Greenville,
Greenwood-Greenville,Greenwood-Greenville,
GREENWOOD-GREENVILLE,Greenwood-Greenville,
Greenwood-Greenville MS,Greenwood-Greenville,
Harlingen/Weslaco/Brownsville/Mcallen,Harlingen-Wslco-Brnsvl-McA,
Harlingen-Weslaco-McAllen TX,Harlingen-Wslco-Brnsvl-McA,
Harlingen-Wslco-Brnsvl-McA,Harlingen-Wslco-Brnsvl-McA,
HARLINGEN-WSLCO-BRNSVL-MCA,Harlingen-Wslco-Brnsvl-McA,
Harrisburg/Lancaster/Lebanon/York,Harrisburg-Lncstr-Leb-York,
Harrisburg-Lancaster-York PA,Harrisburg-Lncstr-Leb-York,
Harrisburg-Lncstr-Leb-York,Harrisburg-Lncstr-Leb-York,
HARRISBURG-LNCSTR-LEB-YORK,Harrisburg-Lncstr-Leb-York,
Harrisonburg,Harrisonburg,
HARRISONBURG,Harrisonburg,
Harrisonburg VA,Harrisonburg,
Hartford & New Haven,Hartford & New Haven,
HARTFORD & NEW HAVEN,Hartford & New Haven,
Hartford And New Haven CT,Hartford & New Haven,
Hartford/New Haven,Hartford & New Haven,
Hattiesburg/Laurel,Hattiesburg-Laurel,
Hattiesburg-Laurel,Hattiesburg-Laurel,
HATTIESBURG-LAUREL,Hattiesburg-Laurel,
Hattiesburg-Laurel MS,Hattiesburg-Laurel,
Helena,Helena,
HELENA,Helena,
Helena MT,Helena,
Honolulu,Honolulu,
HONOLULU,Honolulu,
Honolulu HI,Honolulu,
Houston,Houston,
HOUSTON,Houston,
Houston TX,Houston,
Huntsville AL,Huntsville AL,
Huntsville/Decatur/Florence,Huntsville AL,
HUNTSVILLE-DECATUR (FLOR),Huntsville AL,
Huntsville-Decatur (Florence) AL,Huntsville AL,
Idaho Falls/Pocatello,Idaho Fals-Pocatllo(Jcksn),
Idaho Falls-Pocatello ID,Idaho Fals-Pocatllo(Jcksn),
Idaho Fals-Pocatllo(Jcksn),Idaho Fals-Pocatllo(Jcksn),
IDAHO FALS-POCATLLO(JCKSN),Idaho Fals-Pocatllo(Jcksn),
Indianapolis,Indianapolis,
INDIANAPOLIS,Indianapolis,
Indianapolis IN,Indianapolis,
Jackson MS,Jackson MS,
JACKSON MS,Jackson MS,
Jackson MS,Jackson MS,
Jackson TN,Jackson TN,
JACKSON TN,Jackson TN,
Jackson TN,Jackson TN,
Jackson-Ms,Jackson MS,
Jackson-Tn,Jackson TN,
JACKSONVILLE,Jacksonville FL,
Jacksonville FL,Jacksonville FL,
Jacksonville FL,Jacksonville FL,
Jacksonville-Brunswick,Jacksonville FL,
Johnstown/Altoona,Johnstown-Altoona-St Colge,
Johnstown-Altoona PA,Johnstown-Altoona-St Colge,
Johnstown-Altoona-St Colge,Johnstown-Altoona-St Colge,
JOHNSTOWN-ALTOONA-ST COLGE,Johnstown-Altoona-St Colge,
Jonesboro,Jonesboro,
JONESBORO,Jonesboro,
Jonesboro AR,Jonesboro,
Joplin MO-Pittsburg KS,Joplin-Pittsburg,
Joplin/Pittsburg,Joplin-Pittsburg,
Joplin-Pittsburg,Joplin-Pittsburg,
JOPLIN-PITTSBURG,Joplin-Pittsburg,
Juneau,Juneau,
JUNEAU,Juneau,
Juneau AK,Juneau,
KANSAS CITY,Kansas City MO,
Kansas City MO,Kansas City MO,
Kansas City MO,Kansas City MO,
KNOXVILLE,Knoxville TN,
Knoxville TN,Knoxville TN,
Knoxville TN,Knoxville TN,
La Crosse/Eau Claire,La Crosse-Eau Claire,
La Crosse-Eau Claire,La Crosse-Eau Claire,
LA CROSSE-EAU CLAIRE,La Crosse-Eau Claire,
La Crosse-Eau Claire WI,La Crosse-Eau Claire,
Lafayette IN,Lafayette IN,
LAFAYETTE IN,Lafayette IN,
Lafayette IN,Lafayette IN,
Lafayette LA,Lafayette LA,
LAFAYETTE LA,Lafayette LA,
Lafayette LA,Lafayette LA,
Lafayette-In,Lafayette IN,
Lafayette-La,Lafayette LA,
Lake Charles,Lake Charles,
LAKE CHARLES,Lake Charles,
Lake Charles LA,Lake Charles,
Lansing,Lansing,
LANSING,Lansing,
Lansing MI,Lansing,
Laredo,Laredo,
LAREDO,Laredo,
Laredo TX,Laredo,
Las Vegas,Las Vegas,
LAS VEGAS,Las Vegas,
Las Vegas NV,Las Vegas,
Lexington,Lexington,
LEXINGTON,Lexington,
Lexington KY,Lexington,
Lima,Lima,
LIMA,Lima,
Lima OH,Lima,
Lincoln & Hastings-Krny,Lincoln & Hastings-Krny,
LINCOLN & HASTINGS-KRNY,Lincoln & Hastings-Krny,
Lincoln And Hastings-Kearney NE,Lincoln & Hastings-Krny,
Lincoln/Hastings/Kearney,Lincoln & Hastings-Krny,
Little Rock/Pine Bluff,Little Rock-Pine Bluff,
Little Rock-Pine Bluff,Little Rock-Pine Bluff,
LITTLE ROCK-PINE BLUFF,Little Rock-Pine Bluff,
Little Rock-Pine Bluff AR,Little Rock-Pine Bluff,
LOS ANGELES,Los Angeles CA,
Los Angeles CA,Los Angeles CA,
Los Angeles CA,Los Angeles CA,
Louisville,Louisville,
LOUISVILLE,Louisville,
Louisville KY,Louisville,
Lubbock,Lubbock,
LUBBOCK,Lubbock,
Lubbock TX,Lubbock,
Macon,Macon,
MACON,Macon,
Macon GA,Macon,
Madison,Madison,
MADISON,Madison,
Madison WI,Madison,
Mankato,Mankato,
MANKATO,Mankato,
Mankato MN,Mankato,
Marquette,Marquette,
MARQUETTE,Marquette,
Marquette MI,Marquette,
Medford/Klamath Falls,Medford-Klamath Falls,
Medford-Klamath Falls,Medford-Klamath Falls,
MEDFORD-KLAMATH FALLS,Medford-Klamath Falls,
Medford-Klamath Falls OR,Medford-Klamath Falls,
MEMPHIS,Memphis TN,
Memphis TN,Memphis TN,
Memphis TN,Memphis TN,
Meridian,Meridian,
MERIDIAN,Meridian,
Meridian MS,Meridian,
Miami/Fort Lauderdale,Miami-Ft. Lauderdale,
Miami-Ft. Lauderdale,Miami-Ft. Lauderdale,
MIAMI-FT. LAUDERDALE,Miami-Ft. Lauderdale,
Miami-Ft. Lauderdale FL,Miami-Ft. Lauderdale,
Milwaukee,Milwaukee,
MILWAUKEE,Milwaukee,
Milwaukee WI,Milwaukee,
Minneapolis/Saint Paul,Minneapolis-St. Paul,
Minneapolis-St. Paul,Minneapolis-St. Paul,
MINNEAPOLIS-ST. PAUL,Minneapolis-St. Paul,
Minneapolis-St. Paul MN,Minneapolis-St. Paul,
Minot/Bismarck/Dickinson,Minot-Bsmrck-Dcknsn(Wlstn),
Minot-Bismarck-Dickinson ND,Minot-Bsmrck-Dcknsn(Wlstn),
Minot-Bsmrck-Dcknsn(Wlstn),Minot-Bsmrck-Dcknsn(Wlstn),
MINOT-BSMRCK-DCKNSN(WLSTN),Minot-Bsmrck-Dcknsn(Wlstn),
Missoula,Missoula,
MISSOULA,Missoula,
Missoula MT,Missoula,
Mobile AL,Mobile AL,
Mobile AL-Pensacola FL,Mobile AL,
Mobile/Pensacola/Fort Walton Beach,Mobile AL,
MOBILE-PENSACOLA (FT WALT),Mobile AL,
Monroe LA-El Dorado AR,Monroe-El Dorado,
Monroe/El Dorado,Monroe-El Dorado,
Monroe-El Dorado,Monroe-El Dorado,
MONROE-EL DORADO,Monroe-El Dorado,
Monterey/Salinas,Monterey-Salinas,
Monterey-Salinas,Monterey-Salinas,
MONTEREY-SALINAS,Monterey-Salinas,
Monterey-Salinas CA,Monterey-Salinas,
Montgomery (Selma) AL,Montgomery-Selma,
Montgomery/Selma,Montgomery-Selma,
Montgomery-Selma,Montgomery-Selma,
MONTGOMERY-SELMA,Montgomery-Selma,
Myrtle Beach-Florence,Myrtle Beach-Florence,
MYRTLE BEACH-FLORENCE,Myrtle Beach-Florence,
Nashville,Nashville,
NASHVILLE,Nashville,
Nashville TN,Nashville,
New Orleans,New Orleans,
NEW ORLEANS,New Orleans,
New Orleans LA,New Orleans,
New York,New York,
NEW YORK,New York,
New York NY,New York,
No Metro,,
Norfolk/Portsmouth/Newport News,Norfolk-Portsmth-Newpt Nws,
Norfolk-Portsmouth-Newport NewsVA,Norfolk-Portsmth-Newpt Nws,
Norfolk-Portsmth-Newpt Nws,Norfolk-Portsmth-Newpt Nws,
NORFOLK-PORTSMTH-NEWPT NWS,Norfolk-Portsmth-Newpt Nws,
North Platte,North Platte,
NORTH PLATTE,North Platte,
North Platte NE,North Platte,
Odessa/Midland,Odessa-Midland,
Odessa-Midland,Odessa-Midland,
ODESSA-MIDLAND,Odessa-Midland,
Odessa-Midland TX,Odessa-Midland,
Oklahoma City,Oklahoma City,
OKLAHOMA CITY,Oklahoma City,
Oklahoma City OK,Oklahoma City,
OMAHA,Omaha NE,
Omaha NE,Omaha NE,
Omaha NE,Omaha NE,
Orlando/Daytona Beach/Melbourne,Orlando-Daytona Bch-Melbrn,
Orlando-Daytona Bch-Melbrn,Orlando-Daytona Bch-Melbrn,
ORLANDO-DAYTONA BCH-MELBRN,Orlando-Daytona Bch-Melbrn,
Orlando-Daytona Beach FL,Orlando-Daytona Bch-Melbrn,
Ottumwa IA-Kirksville MO,Ottumwa-Kirksville,
Ottumwa/Kirksville,Ottumwa-Kirksville,
Ottumwa-Kirksville,Ottumwa-Kirksville,
OTTUMWA-KIRKSVILLE,Ottumwa-Kirksville,
Paducah KY-Harrisburg IL,Paducah-Cape Girard-Harsbg,
Paducah/Cape Girardeau/Harrisburg/Mt Vernon,Paducah-Cape Girard-Harsbg,
Paducah-Cape Girard-Harsbg,Paducah-Cape Girard-Harsbg,
PADUCAH-CAPE GIRARD-HARSBG,Paducah-Cape Girard-Harsbg,
Palm Springs,Palm Springs,
PALM SPRINGS,Palm Springs,
Palm Springs CA,Palm Springs,
Panama City,Panama City,
PANAMA CITY,Panama City,
Panama City FL,Panama City,
Parkersburg,Parkersburg,
PARKERSBURG,Parkersburg,
Parkersburg WV,Parkersburg,
Peoria/Bloomington,Peoria-Bloomington,
Peoria-Bloomington,Peoria-Bloomington,
PEORIA-BLOOMINGTON,Peoria-Bloomington,
Peoria-Bloomington IL,Peoria-Bloomington,
Philadelphia,Philadelphia,
PHILADELPHIA,Philadelphia,
Philadelphia PA,Philadelphia,
Phoenix,Phoenix (Prescott),
Phoenix (Prescott),Phoenix (Prescott),
PHOENIX (PRESCOTT),Phoenix (Prescott),
Phoenix AZ,Phoenix (Prescott),
Pittsburgh,Pittsburgh,
PITTSBURGH,Pittsburgh,
Pittsburgh PA,Pittsburgh,
Portland OR,Portland OR,
PORTLAND OR,Portland OR,
Portland OR,Portland OR,
Portland/Auburn,Portland-Auburn,
Portland-Auburn,Portland-Auburn,
PORTLAND-AUBURN,Portland-Auburn,
Portland-Auburn ME,Portland-Auburn,
Portland-Or,Portland OR,
Presque Isle,Presque Isle,
PRESQUE ISLE,Presque Isle,
Presque Isle ME,Presque Isle,
Providence RI-New Bedford MA,Providence-New Bedford,
Providence/New Bedford,Providence-New Bedford,
Providence-New Bedford,Providence-New Bedford,
PROVIDENCE-NEW BEDFORD,Providence-New Bedford,
Quincy IL-Hannibal MO-Keokuk IA,Quincy-Hannibal-Keokuk,
Quincy/Hannibal/Keokuk,Quincy-Hannibal-Keokuk,
Quincy-Hannibal-Keokuk,Quincy-Hannibal-Keokuk,
QUINCY-HANNIBAL-KEOKUK,Quincy-Hannibal-Keokuk,
Raleigh/Durham,Raleigh-Durham (Fayetvlle),
Raleigh-Durham (Fayetteville) NC,Raleigh-Durham (Fayetvlle),
Raleigh-Durham (Fayetvlle),Raleigh-Durham (Fayetvlle),
RALEIGH-DURHAM (FAYETVLLE),Raleigh-Durham (Fayetvlle),
Rapid City,Rapid City,
RAPID CITY,Rapid City,
Rapid City SD,Rapid City,
Reno,Reno,
RENO,Reno,
Reno NV,Reno,
Richmond VA,Richmond VA,
Richmond/Petersburg,Richmond VA,
RICHMOND-PETERSBURG,Richmond VA,
Richmond-Petersburg VA,Richmond VA,
Roanoke/Lynchburg,Roanoke-Lynchburg,
Roanoke-Lynchburg,Roanoke-Lynchburg,
ROANOKE-LYNCHBURG,Roanoke-Lynchburg,
Roanoke-Lynchburg VA,Roanoke-Lynchburg,
Rochester NY,Rochester NY,
ROCHESTER NY,Rochester NY,
Rochester NY,Rochester NY,
Rochester/Mason City/Austin,Rochestr-Mason City-Austin,
Rochester-Austin MN-Mason City IA,Rochestr-Mason City-Austin,
Rochester-Ny,Rochester NY,
Rochestr-Mason City-Austin,Rochestr-Mason City-Austin,
ROCHESTR-MASON CITY-AUSTIN,Rochestr-Mason City-Austin,
Rockford,Rockford,
ROCKFORD,Rockford,
Rockford IL,Rockford,
Sacramento/Stockton/Modesto,Sacramnto-Stkton-Modesto,
Sacramento-Stockton-Modesto CA,Sacramnto-Stkton-Modesto,
Sacramnto-Stkton-Modesto,Sacramnto-Stkton-Modesto,
SACRAMNTO-STKTON-MODESTO,Sacramnto-Stkton-Modesto,
Saint Joseph,St. Joseph,
Saint Louis,St. Louis,
Salisbury,Salisbury,
SALISBURY,Salisbury,
Salisbury MD,Salisbury,
SALT LAKE CITY,Salt Lake City UT,
Salt Lake City UT,Salt Lake City UT,
Salt Lake City UT,Salt Lake City UT,
San Angelo,San Angelo,
SAN ANGELO,San Angelo,
San Angelo TX,San Angelo,
San Antonio,San Antonio,
SAN ANTONIO,San Antonio,
San Antonio TX,San Antonio,
San Diego,San Diego,
SAN DIEGO,San Diego,
San Diego CA,San Diego,
San Francisco CA,San Francisco CA,
San Francisco/Oakland/San Jose,San Francisco CA,
San Francisco-Oakland-San Jose CA,San Francisco CA,
SAN FRANCISCO-OAK-SAN JOSE,San Francisco CA,
Santa Barbara/Santa Maria/San Luis Obispo,SantaBarbra-SanMar-SanLuOb,
Santa Barbara-San Luis Obispo CA,SantaBarbra-SanMar-SanLuOb,
SantaBarbra-SanMar-SanLuOb,SantaBarbra-SanMar-SanLuOb,
SANTABARBRA-SANMAR-SANLUOB,SantaBarbra-SanMar-SanLuOb,
Savannah,Savannah,
SAVANNAH,Savannah,
Savannah GA,Savannah,
Seattle/Tacoma,Seattle-Tacoma,
Seattle-Tacoma,Seattle-Tacoma,
SEATTLE-TACOMA,Seattle-Tacoma,
Seattle-Tacoma WA,Seattle-Tacoma,
Sherman TX-Ada OK,Sherman-Ada,
Sherman-Ada,Sherman-Ada,
SHERMAN-ADA,Sherman-Ada,
Sherman-Tx/Ada-Ok,Sherman-Ada,
SHREVEPORT,Shreveport LA,
Shreveport LA,Shreveport LA,
Shreveport LA,Shreveport LA,
Sioux City,Sioux City,
SIOUX CITY,Sioux City,
Sioux City IA,Sioux City,
Sioux Falls(Mitchell),Sioux Falls(Mitchell),
SIOUX FALLS(MITCHELL),Sioux Falls(Mitchell),
Sioux Falls(Mitchell) SD,Sioux Falls(Mitchell),
Sioux Falls/Mitchell,Sioux Falls(Mitchell),
South Bend/Elkhart,South Bend-Elkhart,
South Bend-Elkhart,South Bend-Elkhart,
SOUTH BEND-ELKHART,South Bend-Elkhart,
South Bend-Elkhart IN,South Bend-Elkhart,
SPOKANE,Spokane WA,
Spokane WA,Spokane WA,
Spokane WA,Spokane WA,
Springfield MO,Springfield MO,
SPRINGFIELD MO,Springfield MO,
Springfield MO,Springfield MO,
Springfield/Holyoke,Springfield-Holyoke,
Springfield-Holyoke,Springfield-Holyoke,
SPRINGFIELD-HOLYOKE,Springfield-Holyoke,
Springfield-Holyoke MA,Springfield-Holyoke,
Springfield-Mo,Springfield MO,
St. Joseph,St. Joseph,
ST. JOSEPH,St. Joseph,
St. Joseph MO,St. Joseph,
St. Louis,St. Louis,
ST. LOUIS,St. Louis,
St. Louis MO,St. Louis,
Syracuse,Syracuse,
SYRACUSE,Syracuse,
Syracuse NY,Syracuse,
Tallahassee FL-Thomasville GA,Tallahassee-Thomasville,
Tallahassee/Thomasville,Tallahassee-Thomasville,
Tallahassee-Thomasville,Tallahassee-Thomasville,
TALLAHASSEE-THOMASVILLE,Tallahassee-Thomasville,
Tampa/Saint Petersburg,Tampa-St. Pete (Sarasota),
Tampa-St Petersburg (Sarasota) FL,Tampa-St. Pete (Sarasota),
Tampa-St. Pete (Sarasota),Tampa-St. Pete (Sarasota),
TAMPA-ST. PETE (SARASOTA),Tampa-St. Pete (Sarasota),
Terre Haute,Terre Haute,
TERRE HAUTE,Terre Haute,
Terre Haute IN,Terre Haute,
Toledo,Toledo,
TOLEDO,Toledo,
Toledo OH,Toledo,
Topeka,Topeka,
TOPEKA,Topeka,
Topeka KS,Topeka,
Traverse City/Cadillac,Traverse City-Cadillac,
Traverse City-Cadillac,Traverse City-Cadillac,
TRAVERSE CITY-CADILLAC,Traverse City-Cadillac,
Traverse City-Cadillac MI,Traverse City-Cadillac,
Tri-Cities TN-VA,Tri-Cities TN-VA,
TRI-CITIES TN-VA,Tri-Cities TN-VA,
Tri-Cities TN-VA,Tri-Cities TN-VA,
Tri-Cities-Tn-Va,Tri-Cities TN-VA,
Tucson (Sierra Vista),Tucson (Sierra Vista),
TUCSON (SIERRA VISTA),Tucson (Sierra Vista),
Tucson (Sierra Vista) AZ,Tucson (Sierra Vista),
Tucson/Sierra Vista,Tucson (Sierra Vista),
TULSA,Tulsa OK,
Tulsa OK,Tulsa OK,
Tulsa OK,Tulsa OK,
Twin Falls,Twin Falls,
TWIN FALLS,Twin Falls,
Twin Falls ID,Twin Falls,
Tyler/Longview/Lufkin/Nacogdoches,Tyler-Longview(Lfkn&Ncgd),
Tyler-Longview(Lfkn&Ncgd),Tyler-Longview(Lfkn&Ncgd),
TYLER-LONGVIEW(LFKN&NCGD),Tyler-Longview(Lfkn&Ncgd),
Tyler-Longview(Nacogdoches) TX,Tyler-Longview(Lfkn&Ncgd),
Unknown,,
Utica,Utica,
UTICA,Utica,
Utica NY,Utica,
Victoria,Victoria,
VICTORIA,Victoria,
Victoria TX,Victoria,
Waco/Temple/Bryan,Waco-Temple-Bryan,
Waco-Temple-Bryan,Waco-Temple-Bryan,
WACO-TEMPLE-BRYAN,Waco-Temple-Bryan,
Waco-Temple-Bryan TX,Waco-Temple-Bryan,
Washington Dc,Washington DC (Hagrstwn),
Washington DC (Hagerstown MD),Washington DC (Hagrstwn),
Washington DC (Hagrstwn),Washington DC (Hagrstwn),
WASHINGTON DC (HAGRSTWN),Washington DC (Hagrstwn),
Watertown,Watertown,
WATERTOWN,Watertown,
Watertown NY,Watertown,
Wausau/Rhinelander,Wausau-Rhinelander,
Wausau-Rhinelander,Wausau-Rhinelander,
WAUSAU-RHINELANDER,Wausau-Rhinelander,
Wausau-Rhinelander WI,Wausau-Rhinelander,
West Palm Beach FL,West Palm Beach FL,
West Palm Beach/Fort Pierce,West Palm Beach FL,
WEST PALM BEACH-FT. PIERCE,West Palm Beach FL,
West Palm Beach-Ft. Pierce FL,West Palm Beach FL,
Wheeling WV-Steubenville OH,Wheeling-Steubenville,
Wheeling/Steubenville,Wheeling-Steubenville,
Wheeling-Steubenville,Wheeling-Steubenville,
WHEELING-STEUBENVILLE,Wheeling-Steubenville,
Wichita Falls & Lawton,Wichita Falls & Lawton,
WICHITA FALLS & LAWTON,Wichita Falls & Lawton,
Wichita Falls TX And Lawton OK,Wichita Falls & Lawton,
Wichita Falls/Lawton,Wichita Falls & Lawton,
Wichita KS,Wichita KS,
Wichita/Hutchinson,Wichita KS,
Wichita-Hutchinson KS,Wichita KS,
WICHITA-HUTCHINSON PLUS,Wichita KS,
Wilkes Barre PA,Wilkes Barre PA,
Wilkes Barre/Scranton,Wilkes Barre PA,
WILKES BARRE-SCRANTON,Wilkes Barre PA,
Wilkes Barre-Scranton PA,Wilkes Barre PA,
Wilmington,Wilmington,
WILMINGTON,Wilmington,
Wilmington NC,Wilmington,
Yakima/Pasco/Richland/Kennewick,Yakima-Pasco-Rchlnd-Knnwck,
Yakima-Pasco-Rchlnd-Knnwck,Yakima-Pasco-Rchlnd-Knnwck,
YAKIMA-PASCO-RCHLND-KNNWCK,Yakima-Pasco-Rchlnd-Knnwck,
Yakima-Pasco-Richland-Kennewick WA,Yakima-Pasco-Rchlnd-Knnwck,
Youngstown,Youngstown,
YOUNGSTOWN,Youngstown,
Youngstown OH,Youngstown,
Yuma AZ-El Centro CA,Yuma-El Centro,
Yuma/El Centro,Yuma-El Centro,
Yuma-El Centro,Yuma-El Centro,
YUMA-EL CENTRO,Yuma-El Centro,
Zanesville,Zanesville,
ZANESVILLE,Zanesville,
Zanesville OH,Zanesville,
